<?xml version="1.0" encoding="UTF-8"?>
<project-private xmlns="http://www.netbeans.org/ns/project-private/1">
    <editor-bookmarks xmlns="http://www.netbeans.org/ns/editor-bookmarks/2" lastBookmarkId="0"/>
    <open-files xmlns="http://www.netbeans.org/ns/projectui-open-files/2">
        <group>
            <file>file:/C:/Users/Spark/Desktop/5F10-G2-CinemaSystem/Escape_NightFall_Cinema/src/escape_nightfall_cinema/Food.java</file>
            <file>file:/C:/Users/Spark/Desktop/5F10-G2-CinemaSystem/Escape_NightFall_Cinema/src/escape_nightfall_cinema/Movies.java</file>
            <file>file:/C:/Users/Spark/Desktop/5F10-G2-CinemaSystem/Escape_NightFall_Cinema/src/escape_nightfall_cinema/Escape_NightFall_Cinema.java</file>
            <file>file:/C:/Users/Spark/Desktop/5F10-G2-CinemaSystem/Escape_NightFall_Cinema/src/escape_nightfall_cinema/users.java</file>
        </group>
    </open-files>
</project-private>
